,precision,recall,f1-score,support,score
Real (0),0.898943591787921,0.8296541574687271,0.8629101693293791,5436.0,
Fake (1),0.8758047210300429,0.9279522523802757,0.9011246808804251,7037.0,
accuracy,0.8851118415778081,0.8851118415778081,0.8851118415778081,0.8851118415778081,
macro avg,0.887374156408982,0.8788032049245014,0.8820174251049021,12473.0,
weighted avg,0.8858891354804419,0.8851118415778081,0.8844699799430815,12473.0,
AUC-ROC,,,,,0.9462662429837119
Tiempo Entrenamiento (segundos),,,,,495.5
