,precision,recall,f1-score,support,score
Real (0),0.92425431711146,0.8664459161147903,0.8944170148120015,5436.0,
Fake (1),0.9015860105734038,0.9451470797214723,0.922852782017483,7037.0,
accuracy,0.9108474304497715,0.9108474304497715,0.9108474304497715,0.9108474304497715,
macro avg,0.9129201638424319,0.9057964979181312,0.9086348984147423,12473.0,
weighted avg,0.9114653430788856,0.9108474304497715,0.910459866878463,12473.0,
AUC-ROC,,,,,0.95915273029147
Tiempo Entrenamiento (segundos),,,,,120.28
