,precision,recall,f1-score,support,score
Real (0),0.9046597777344512,0.8537258509659613,0.8784551306323363,5435.0,
Fake (1),0.891748366013072,0.9305200341005968,0.9107217355027117,7038.0,
accuracy,0.8970576445121462,0.8970576445121462,0.8970576445121462,0.8970576445121462,
macro avg,0.8982040718737616,0.8921229425332791,0.894588433067524,12473.0,
weighted avg,0.8973744000630756,0.8970576445121462,0.8966618463444908,12473.0,
AUC-ROC,,,,,0.9500349659216247
Tiempo Entrenamiento (segundos),,,,,118.91
